OBJECTID_1,Shape_Leng,OBJECTID
1,1271.37938295448,1
2,1246.47680730741,2
3,814.093709570322,3
4,1475.47827651998,4
5,4554.33812719422,5
6,2570.01975816119,6
7,1891.37325819143,7
8,4589.26504429515,8
